{
  "$schema": "http://json-schema.org/draft-07/schema#",
  "type": "object",
  "properties": {
    "$schema": {
      "type": "string",
      "default": "../src/types/schema_config.json",
      "description": "Reference to the configuration schema. Do not modify.",
      "readOnly": true
    },
    "weightVulnerability": {
      "type": "object",
      "description": "A nested object that assigns weights to different levels of vulnerability detected in the project. It includes four categories: low, medium, high, and critical, each with a minimum value of 0 and default values of 1, 2, 3, and 5, respectively. These weights are used to assess the severity of vulnerabilities found during analysis.",
      "properties": {
        "low": {
          "type": "number",
          "minimum": 0,
          "default": 1,
          "description": "The weight assigned to vulnerabilities classified as low severity."
        },
        "medium": {
          "type": "number",
          "minimum": 0,
          "default": 2,
          "description": "The weight assigned to vulnerabilities classified as medium severity."
        },
        "high": {
          "type": "number",
          "description": "The weight assigned to vulnerabilities classified as high severity.",
          "minimum": 0,
          "default": 3
        },
        "critical": {
          "type": "number",
          "description": "The weight assigned to vulnerabilities classified as critical severity.",
          "minimum": 0,
          "default": 5
        }
      },
      "required": ["low", "medium", "high", "critical"],
      "additionalProperties": false
    },
    "executions": {
      "type": "object",
      "description": "An object detailing the execution flags for different phases of project testing and building. This allows for flexible control over which aspects of the project are executed during the analysis.",
      "properties": {
        "buildProject": {
          "type": "boolean",
          "description": "Determines whether the project build process should be executed.",
          "default": true
        },
        "projectTests": {
          "type": "boolean",
          "description": "Indicates if the project's automated tests should be run.",
          "default": true
        },
        "exploratoryTesting": {
          "type": "boolean",
          "description": "Specifies whether exploratory testing should be conducted, allowing for unscripted and interactive testing of the application.",
          "default": true
        },
        "clearLastLogs":{
          "type": "boolean",
          "description": "Determines whether the last set of logs generated from previous executions should be cleared. This ensures that only the most current information is available, making it easier to analyze the outcomes of the latest execution.",
          "default": true
        },
        "clearLastReport":{
          "type": "boolean",
          "description": "Indicates if the last generated report should be deleted before the new execution. This is useful for maintaining the relevance of the project's documentation by ensuring that only the latest analysis is readily accessible.",
          "default": true
        }
      },
      "required": ["buildProject", "projectTests", "exploratoryTesting", "clearLastLogs", "clearLastReport"],
      "additionalProperties": false
    },
    "exploratoryTestingParams": {
      "type": "object",
      "description": "Contains parameters specific to the execution of exploratory testing.",
      "properties": {
        "timeLimitGeneratingTests": {
          "type": "number",
          "description": "Specifies the time limit for generating tests during exploratory testing, in seconds. The default value is set to 60 seconds. This parameter controls how long the system should spend generating tests in the exploratory testing phase.",
          "default": 60
        }
      },
      "required": ["timeLimitGeneratingTests"],
      "additionalProperties": false
    }
  },
  "required": ["$schema", "weightVulnerability", "executions", "exploratoryTestingParams"],
  "additionalProperties": false
}
